<?xml version="1.0" encoding="UTF-8"?>
<beans xmlns="http://www.springframework.org/schema/beans"
	xmlns:xsi="http://www.w3.org/2001/XMLSchema-instance" 
	xmlns:aop="http://www.springframework.org/schema/aop"
	xsi:schemaLocation="http://www.springframework.org/schema/beans 
	http://www.springframework.org/schema/beans/spring-beans-4.0.xsd">
	<bean id="employee" class="com.cg.bean.Employee">
	<property name="date"><value>getDate()</value></property>
	</bean>
	<bean id="customEditorConfigurer" class="org.springframework.beans.factory.config.CustomEditorConfigurer">
	<property name="customEditors">
	<map><entry key="java.sql.Date" value="com.cg.bean.SQLDateEditor"/></map></property></bean>
	</beans>